,date,demand,day_of_year,week_of_year,day_of_week,is_month_start,month,holiday
0,2019-01-01,,1,1,1,True,1,True
1,2019-01-02,71.0,2,1,2,False,1,False
2,2019-01-03,70.0,3,1,3,False,1,False
3,2019-01-04,86.0,4,1,4,False,1,False
4,2019-01-05,60.0,5,1,5,False,1,False
5,2019-01-06,74.0,6,1,6,False,1,False
6,2019-01-07,142.5,7,2,0,False,1,False
7,2019-01-08,,8,2,1,False,1,False
8,2019-01-09,58.0,9,2,2,False,1,False
9,2019-01-10,,10,2,3,False,1,False
10,2019-01-11,80.0,11,2,4,False,1,False
11,2019-01-12,85.0,12,2,5,False,1,False
12,2019-01-13,64.0,13,2,6,False,1,False
13,2019-01-14,166.5,14,3,0,False,1,False
14,2019-01-15,,15,3,1,False,1,False
15,2019-01-16,72.0,16,3,2,False,1,False
16,2019-01-17,70.0,17,3,3,False,1,False
17,2019-01-18,76.0,18,3,4,False,1,False
18,2019-01-19,,19,3,5,False,1,False
19,2019-01-20,87.0,20,3,6,False,1,False
20,2019-01-21,252.0,21,4,0,False,1,True
21,2019-01-22,,22,4,1,False,1,False
22,2019-01-23,112.0,23,4,2,False,1,False
23,2019-01-24,90.0,24,4,3,False,1,False
24,2019-01-25,99.0,25,4,4,False,1,False
25,2019-01-26,77.0,26,4,5,False,1,False
26,2019-01-27,110.0,27,4,6,False,1,False
27,2019-01-28,,28,5,0,False,1,False
28,2019-01-29,,29,5,1,False,1,False
29,2019-01-30,117.0,30,5,2,False,1,False
30,2019-01-31,109.0,31,5,3,False,1,False
31,2019-02-01,86.0,32,5,4,True,2,False
32,2019-02-02,102.0,33,5,5,False,2,False
33,2019-02-03,86.0,34,5,6,False,2,False
34,2019-02-04,159.0,35,6,0,False,2,False
35,2019-02-05,,36,6,1,False,2,False
36,2019-02-06,,37,6,2,False,2,False
37,2019-02-07,133.0,38,6,3,False,2,False
38,2019-02-08,121.0,39,6,4,False,2,False
39,2019-02-09,89.0,40,6,5,False,2,False
40,2019-02-10,134.0,41,6,6,False,2,False
41,2019-02-11,142.5,42,7,0,False,2,False
42,2019-02-12,,43,7,1,False,2,False
43,2019-02-13,126.0,44,7,2,False,2,False
44,2019-02-14,100.0,45,7,3,False,2,False
45,2019-02-15,,46,7,4,False,2,False
46,2019-02-16,128.0,47,7,5,False,2,False
47,2019-02-17,103.0,48,7,6,False,2,False
48,2019-02-18,279.0,49,8,0,False,2,True
49,2019-02-19,,50,8,1,False,2,False
50,2019-02-20,145.0,51,8,2,False,2,False
51,2019-02-21,120.0,52,8,3,False,2,False
52,2019-02-22,107.0,53,8,4,False,2,False
53,2019-02-23,148.0,54,8,5,False,2,False
54,2019-02-24,,55,8,6,False,2,False
55,2019-02-25,211.5,56,9,0,False,2,False
56,2019-02-26,,57,9,1,False,2,False
57,2019-02-27,108.0,58,9,2,False,2,False
58,2019-02-28,110.0,59,9,3,False,2,False
59,2019-03-01,128.0,60,9,4,True,3,False
60,2019-03-02,145.0,61,9,5,False,3,False
61,2019-03-03,128.0,62,9,6,False,3,False
62,2019-03-04,222.0,63,10,0,False,3,False
63,2019-03-05,,64,10,1,False,3,False
64,2019-03-06,157.0,65,10,2,False,3,False
65,2019-03-07,138.0,66,10,3,False,3,False
66,2019-03-08,133.0,67,10,4,False,3,False
67,2019-03-09,129.0,68,10,5,False,3,False
68,2019-03-10,123.0,69,10,6,False,3,False
69,2019-03-11,253.5,70,11,0,False,3,False
70,2019-03-12,,71,11,1,False,3,False
71,2019-03-13,138.0,72,11,2,False,3,False
72,2019-03-14,,73,11,3,False,3,False
73,2019-03-15,128.0,74,11,4,False,3,False
74,2019-03-16,158.0,75,11,5,False,3,False
75,2019-03-17,167.0,76,11,6,False,3,False
76,2019-03-18,235.5,77,12,0,False,3,False
77,2019-03-19,,78,12,1,False,3,False
78,2019-03-20,162.0,79,12,2,False,3,False
79,2019-03-21,168.0,80,12,3,False,3,False
80,2019-03-22,177.0,81,12,4,False,3,False
81,2019-03-23,,82,12,5,False,3,False
82,2019-03-24,169.0,83,12,6,False,3,False
83,2019-03-25,204.0,84,13,0,False,3,False
84,2019-03-26,,85,13,1,False,3,False
85,2019-03-27,136.0,86,13,2,False,3,False
86,2019-03-28,178.0,87,13,3,False,3,False
87,2019-03-29,186.0,88,13,4,False,3,False
88,2019-03-30,182.0,89,13,5,False,3,False
89,2019-03-31,139.0,90,13,6,False,3,False
90,2019-04-01,,91,14,0,True,4,False
91,2019-04-02,,92,14,1,False,4,False
92,2019-04-03,276.0,93,14,2,False,4,False
93,2019-04-04,229.5,94,14,3,False,4,False
94,2019-04-05,219.0,95,14,4,False,4,False
95,2019-04-06,243.0,96,14,5,False,4,False
96,2019-04-07,259.5,97,14,6,False,4,False
97,2019-04-08,364.5,98,15,0,False,4,False
98,2019-04-09,,99,15,1,False,4,False
99,2019-04-10,,100,15,2,False,4,False
100,2019-04-11,295.5,101,15,3,False,4,False
101,2019-04-12,255.0,102,15,4,False,4,False
102,2019-04-13,280.5,103,15,5,False,4,False
103,2019-04-14,256.5,104,15,6,False,4,False
104,2019-04-15,454.5,105,16,0,False,4,False
105,2019-04-16,,106,16,1,False,4,False
106,2019-04-17,271.5,107,16,2,False,4,False
107,2019-04-18,285.0,108,16,3,False,4,False
108,2019-04-19,,109,16,4,False,4,False
109,2019-04-20,304.5,110,16,5,False,4,False
110,2019-04-21,285.0,111,16,6,False,4,False
111,2019-04-22,423.0,112,17,0,False,4,False
112,2019-04-23,,113,17,1,False,4,False
113,2019-04-24,304.5,114,17,2,False,4,False
114,2019-04-25,300.0,115,17,3,False,4,False
115,2019-04-26,291.0,116,17,4,False,4,False
116,2019-04-27,252.0,117,17,5,False,4,False
117,2019-04-28,,118,17,6,False,4,False
118,2019-04-29,445.5,119,18,0,False,4,False
119,2019-04-30,,120,18,1,False,4,False
120,2019-05-01,193.0,121,18,2,True,5,False
121,2019-05-02,209.0,122,18,3,False,5,False
122,2019-05-03,181.0,123,18,4,False,5,False
123,2019-05-04,185.0,124,18,5,False,5,False
124,2019-05-05,220.0,125,18,6,False,5,False
125,2019-05-06,298.5,126,19,0,False,5,False
126,2019-05-07,,127,19,1,False,5,False
127,2019-05-08,179.0,128,19,2,False,5,False
128,2019-05-09,219.0,129,19,3,False,5,False
129,2019-05-10,209.0,130,19,4,False,5,False
130,2019-05-11,229.0,131,19,5,False,5,False
131,2019-05-12,196.0,132,19,6,False,5,False
132,2019-05-13,316.5,133,20,0,False,5,False
133,2019-05-14,,134,20,1,False,5,False
134,2019-05-15,230.0,135,20,2,False,5,False
135,2019-05-16,,136,20,3,False,5,False
136,2019-05-17,204.0,137,20,4,False,5,False
137,2019-05-18,205.0,138,20,5,False,5,False
138,2019-05-19,208.0,139,20,6,False,5,False
139,2019-05-20,354.0,140,21,0,False,5,False
140,2019-05-21,,141,21,1,False,5,False
141,2019-05-22,225.0,142,21,2,False,5,False
142,2019-05-23,193.0,143,21,3,False,5,False
143,2019-05-24,218.0,144,21,4,False,5,False
144,2019-05-25,,145,21,5,False,5,False
145,2019-05-26,238.0,146,21,6,False,5,False
146,2019-05-27,447.75,147,22,0,False,5,True
147,2019-05-28,,148,22,1,False,5,False
148,2019-05-29,242.0,149,22,2,False,5,False
149,2019-05-30,249.0,150,22,3,False,5,False
150,2019-05-31,202.0,151,22,4,False,5,False
151,2019-06-01,247.0,152,22,5,True,6,False
152,2019-06-02,229.0,153,22,6,False,6,False
153,2019-06-03,,154,23,0,False,6,False
154,2019-06-04,,155,23,1,False,6,False
155,2019-06-05,219.0,156,23,2,False,6,False
156,2019-06-06,248.0,157,23,3,False,6,False
157,2019-06-07,236.0,158,23,4,False,6,False
158,2019-06-08,226.0,159,23,5,False,6,False
159,2019-06-09,239.0,160,23,6,False,6,False
160,2019-06-10,372.0,161,24,0,False,6,False
161,2019-06-11,,162,24,1,False,6,False
162,2019-06-12,,163,24,2,False,6,False
163,2019-06-13,249.0,164,24,3,False,6,False
164,2019-06-14,229.0,165,24,4,False,6,False
165,2019-06-15,263.0,166,24,5,False,6,False
166,2019-06-16,259.0,167,24,6,False,6,False
167,2019-06-17,360.0,168,25,0,False,6,False
168,2019-06-18,,169,25,1,False,6,False
169,2019-06-19,250.0,170,25,2,False,6,False
170,2019-06-20,247.0,171,25,3,False,6,False
171,2019-06-21,,172,25,4,False,6,False
172,2019-06-22,235.0,173,25,5,False,6,False
173,2019-06-23,252.0,174,25,6,False,6,False
174,2019-06-24,346.5,175,26,0,False,6,False
175,2019-06-25,,176,26,1,False,6,False
176,2019-06-26,276.0,177,26,2,False,6,False
177,2019-06-27,243.0,178,26,3,False,6,False
178,2019-06-28,266.0,179,26,4,False,6,False
179,2019-06-29,276.0,180,26,5,False,6,False
180,2019-06-30,,181,26,6,False,6,False
181,2019-07-01,360.0,182,27,0,True,7,False
182,2019-07-02,,183,27,1,False,7,False
183,2019-07-03,273.0,184,27,2,False,7,False
184,2019-07-04,426.0,185,27,3,False,7,True
185,2019-07-05,274.0,186,27,4,False,7,False
186,2019-07-06,245.0,187,27,5,False,7,False
187,2019-07-07,264.0,188,27,6,False,7,False
188,2019-07-08,390.0,189,28,0,False,7,False
189,2019-07-09,,190,28,1,False,7,False
190,2019-07-10,269.0,191,28,2,False,7,False
191,2019-07-11,243.0,192,28,3,False,7,False
192,2019-07-12,245.0,193,28,4,False,7,False
193,2019-07-13,289.0,194,28,5,False,7,False
194,2019-07-14,272.0,195,28,6,False,7,False
195,2019-07-15,385.5,196,29,0,False,7,False
196,2019-07-16,,197,29,1,False,7,False
197,2019-07-17,281.0,198,29,2,False,7,False
198,2019-07-18,,199,29,3,False,7,False
199,2019-07-19,253.0,200,29,4,False,7,False
200,2019-07-20,279.0,201,29,5,False,7,False
201,2019-07-21,293.0,202,29,6,False,7,False
202,2019-07-22,421.5,203,30,0,False,7,False
203,2019-07-23,,204,30,1,False,7,False
204,2019-07-24,286.0,205,30,2,False,7,False
205,2019-07-25,296.0,206,30,3,False,7,False
206,2019-07-26,284.0,207,30,4,False,7,False
207,2019-07-27,,208,30,5,False,7,False
208,2019-07-28,297.0,209,30,6,False,7,False
209,2019-07-29,453.0,210,31,0,False,7,False
210,2019-07-30,,211,31,1,False,7,False
211,2019-07-31,278.0,212,31,2,False,7,False
212,2019-08-01,312.0,213,31,3,True,8,False
213,2019-08-02,310.0,214,31,4,False,8,False
214,2019-08-03,264.0,215,31,5,False,8,False
215,2019-08-04,276.0,216,31,6,False,8,False
216,2019-08-05,,217,32,0,False,8,False
217,2019-08-06,,218,32,1,False,8,False
218,2019-08-07,312.0,219,32,2,False,8,False
219,2019-08-08,308.0,220,32,3,False,8,False
220,2019-08-09,318.0,221,32,4,False,8,False
221,2019-08-10,282.0,222,32,5,False,8,False
222,2019-08-11,272.0,223,32,6,False,8,False
223,2019-08-12,477.0,224,33,0,False,8,False
224,2019-08-13,,225,33,1,False,8,False
225,2019-08-14,,226,33,2,False,8,False
226,2019-08-15,324.0,227,33,3,False,8,False
227,2019-08-16,306.0,228,33,4,False,8,False
228,2019-08-17,278.0,229,33,5,False,8,False
229,2019-08-18,322.0,230,33,6,False,8,False
230,2019-08-19,472.5,231,34,0,False,8,False
231,2019-08-20,,232,34,1,False,8,False
232,2019-08-21,307.0,233,34,2,False,8,False
233,2019-08-22,308.0,234,34,3,False,8,False
234,2019-08-23,,235,34,4,False,8,False
235,2019-08-24,334.0,236,34,5,False,8,False
236,2019-08-25,290.0,237,34,6,False,8,False
237,2019-08-26,484.5,238,35,0,False,8,False
238,2019-08-27,,239,35,1,False,8,False
239,2019-08-28,330.0,240,35,2,False,8,False
240,2019-08-29,309.0,241,35,3,False,8,False
241,2019-08-30,295.0,242,35,4,False,8,False
242,2019-08-31,308.0,243,35,5,False,8,False
243,2019-09-01,,244,35,6,True,9,False
244,2019-09-02,744.75,245,36,0,False,9,True
245,2019-09-03,,246,36,1,False,9,False
246,2019-09-04,344.0,247,36,2,False,9,False
247,2019-09-05,341.0,248,36,3,False,9,False
248,2019-09-06,328.0,249,36,4,False,9,False
249,2019-09-07,342.0,250,36,5,False,9,False
250,2019-09-08,304.0,251,36,6,False,9,False
251,2019-09-09,483.0,252,37,0,False,9,False
252,2019-09-10,,253,37,1,False,9,False
253,2019-09-11,335.0,254,37,2,False,9,False
254,2019-09-12,349.0,255,37,3,False,9,False
255,2019-09-13,315.0,256,37,4,False,9,False
256,2019-09-14,331.0,257,37,5,False,9,False
257,2019-09-15,312.0,258,37,6,False,9,False
258,2019-09-16,483.0,259,38,0,False,9,False
259,2019-09-17,,260,38,1,False,9,False
260,2019-09-18,334.0,261,38,2,False,9,False
261,2019-09-19,,262,38,3,False,9,False
262,2019-09-20,333.0,263,38,4,False,9,False
263,2019-09-21,322.0,264,38,5,False,9,False
264,2019-09-22,354.0,265,38,6,False,9,False
265,2019-09-23,532.5,266,39,0,False,9,False
266,2019-09-24,,267,39,1,False,9,False
267,2019-09-25,352.0,268,39,2,False,9,False
268,2019-09-26,322.0,269,39,3,False,9,False
269,2019-09-27,347.0,270,39,4,False,9,False
270,2019-09-28,,271,39,5,False,9,False
271,2019-09-29,324.0,272,39,6,False,9,False
272,2019-09-30,499.5,273,40,0,False,9,False
273,2019-10-01,,274,40,1,True,10,False
274,2019-10-02,345.0,275,40,2,False,10,False
275,2019-10-03,359.0,276,40,3,False,10,False
276,2019-10-04,355.0,277,40,4,False,10,False
277,2019-10-05,363.0,278,40,5,False,10,False
278,2019-10-06,358.0,279,40,6,False,10,False
279,2019-10-07,,280,41,0,False,10,False
280,2019-10-08,,281,41,1,False,10,False
281,2019-10-09,360.0,282,41,2,False,10,False
282,2019-10-10,368.0,283,41,3,False,10,False
283,2019-10-11,348.0,284,41,4,False,10,False
284,2019-10-12,339.0,285,41,5,False,10,False
285,2019-10-13,379.0,286,41,6,False,10,False
286,2019-10-14,801.0,287,42,0,False,10,True
287,2019-10-15,,288,42,1,False,10,False
288,2019-10-16,,289,42,2,False,10,False
289,2019-10-17,344.0,290,42,3,False,10,False
290,2019-10-18,374.0,291,42,4,False,10,False
291,2019-10-19,349.0,292,42,5,False,10,False
292,2019-10-20,361.0,293,42,6,False,10,False
293,2019-10-21,562.5,294,43,0,False,10,False
294,2019-10-22,,295,43,1,False,10,False
295,2019-10-23,346.0,296,43,2,False,10,False
296,2019-10-24,396.0,297,43,3,False,10,False
297,2019-10-25,,298,43,4,False,10,False
298,2019-10-26,396.0,299,43,5,False,10,False
299,2019-10-27,351.0,300,43,6,False,10,False
300,2019-10-28,559.5,301,44,0,False,10,False
301,2019-10-29,,302,44,1,False,10,False
302,2019-10-30,398.0,303,44,2,False,10,False
303,2019-10-31,358.0,304,44,3,False,10,False
304,2019-11-01,389.0,305,44,4,True,11,False
305,2019-11-02,384.0,306,44,5,False,11,False
306,2019-11-03,,307,44,6,False,11,False
307,2019-11-04,558.0,308,45,0,False,11,False
308,2019-11-05,,309,45,1,False,11,False
309,2019-11-06,360.0,310,45,2,False,11,False
310,2019-11-07,401.0,311,45,3,False,11,False
311,2019-11-08,407.0,312,45,4,False,11,False
312,2019-11-09,391.0,313,45,5,False,11,False
313,2019-11-10,374.0,314,45,6,False,11,False
314,2019-11-11,893.25,315,46,0,False,11,True
315,2019-11-12,,316,46,1,False,11,False
316,2019-11-13,383.0,317,46,2,False,11,False
317,2019-11-14,385.0,318,46,3,False,11,False
318,2019-11-15,374.0,319,46,4,False,11,False
319,2019-11-16,402.0,320,46,5,False,11,False
320,2019-11-17,380.0,321,46,6,False,11,False
321,2019-11-18,604.5,322,47,0,False,11,False
322,2019-11-19,,323,47,1,False,11,False
323,2019-11-20,421.0,324,47,2,False,11,False
324,2019-11-21,,325,47,3,False,11,False
325,2019-11-22,405.0,326,47,4,False,11,False
326,2019-11-23,419.0,327,47,5,False,11,False
327,2019-11-24,395.0,328,47,6,False,11,False
328,2019-11-25,636.0,329,48,0,False,11,False
329,2019-11-26,,330,48,1,False,11,False
330,2019-11-27,429.0,331,48,2,False,11,False
331,2019-11-28,631.5,332,48,3,False,11,True
332,2019-11-29,427.0,333,48,4,False,11,False
333,2019-11-30,,334,48,5,False,11,False
334,2019-12-01,434.0,335,48,6,True,12,False
335,2019-12-02,616.5,336,49,0,False,12,False
336,2019-12-03,,337,49,1,False,12,False
337,2019-12-04,404.0,338,49,2,False,12,False
338,2019-12-05,388.0,339,49,3,False,12,False
339,2019-12-06,402.0,340,49,4,False,12,False
340,2019-12-07,428.0,341,49,5,False,12,False
341,2019-12-08,428.0,342,49,6,False,12,False
342,2019-12-09,,343,50,0,False,12,False
343,2019-12-10,,344,50,1,False,12,False
344,2019-12-11,430.0,345,50,2,False,12,False
345,2019-12-12,431.0,346,50,3,False,12,False
346,2019-12-13,418.0,347,50,4,False,12,False
347,2019-12-14,407.0,348,50,5,False,12,False
348,2019-12-15,423.0,349,50,6,False,12,False
349,2019-12-16,610.5,350,51,0,False,12,False
350,2019-12-17,,351,51,1,False,12,False
351,2019-12-18,,352,51,2,False,12,False
352,2019-12-19,437.0,353,51,3,False,12,False
353,2019-12-20,410.0,354,51,4,False,12,False
354,2019-12-21,445.0,355,51,5,False,12,False
355,2019-12-22,440.0,356,51,6,False,12,False
356,2019-12-23,670.5,357,52,0,False,12,False
357,2019-12-24,,358,52,1,False,12,False
358,2019-12-25,625.5,359,52,2,False,12,True
359,2019-12-26,450.0,360,52,3,False,12,False
360,2019-12-27,,361,52,4,False,12,False
361,2019-12-28,445.0,362,52,5,False,12,False
362,2019-12-29,412.0,363,52,6,False,12,False
363,2019-12-30,673.5,364,1,0,False,12,False
364,2019-12-31,,365,1,1,False,12,False
365,2020-01-01,666.0,1,1,2,True,1,True
366,2020-01-02,417.0,2,1,3,False,1,False
367,2020-01-03,438.0,3,1,4,False,1,False
368,2020-01-04,467.0,4,1,5,False,1,False
369,2020-01-05,,5,1,6,False,1,False
370,2020-01-06,687.0,6,2,0,False,1,False
371,2020-01-07,,7,2,1,False,1,False
372,2020-01-08,463.0,8,2,2,False,1,False
373,2020-01-09,444.0,9,2,3,False,1,False
374,2020-01-10,425.0,10,2,4,False,1,False
375,2020-01-11,444.0,11,2,5,False,1,False
376,2020-01-12,474.0,12,2,6,False,1,False
377,2020-01-13,660.0,13,3,0,False,1,False
378,2020-01-14,,14,3,1,False,1,False
379,2020-01-15,433.0,15,3,2,False,1,False
380,2020-01-16,467.0,16,3,3,False,1,False
381,2020-01-17,481.0,17,3,4,False,1,False
382,2020-01-18,461.0,18,3,5,False,1,False
383,2020-01-19,444.0,19,3,6,False,1,False
384,2020-01-20,1044.0,20,4,0,False,1,True
385,2020-01-21,,21,4,1,False,1,False
386,2020-01-22,448.0,22,4,2,False,1,False
387,2020-01-23,,23,4,3,False,1,False
388,2020-01-24,449.0,24,4,4,False,1,False
389,2020-01-25,442.0,25,4,5,False,1,False
390,2020-01-26,453.0,26,4,6,False,1,False
391,2020-01-27,705.0,27,5,0,False,1,False
392,2020-01-28,,28,5,1,False,1,False
393,2020-01-29,458.0,29,5,2,False,1,False
394,2020-01-30,467.0,30,5,3,False,1,False
395,2020-01-31,487.0,31,5,4,False,1,False
396,2020-02-01,,32,5,5,True,2,False
397,2020-02-02,449.0,33,5,6,False,2,False
398,2020-02-03,729.0,34,6,0,False,2,False
399,2020-02-04,,35,6,1,False,2,False
400,2020-02-05,486.0,36,6,2,False,2,False
401,2020-02-06,453.0,37,6,3,False,2,False
402,2020-02-07,455.0,38,6,4,False,2,False
403,2020-02-08,493.0,39,6,5,False,2,False
404,2020-02-09,467.0,40,6,6,False,2,False
405,2020-02-10,,41,7,0,False,2,False
406,2020-02-11,,42,7,1,False,2,False
407,2020-02-12,477.0,43,7,2,False,2,False
408,2020-02-13,466.0,44,7,3,False,2,False
409,2020-02-14,461.0,45,7,4,False,2,False
410,2020-02-15,505.0,46,7,5,False,2,False
411,2020-02-16,485.0,47,7,6,False,2,False
412,2020-02-17,1131.75,48,8,0,False,2,True
413,2020-02-18,,49,8,1,False,2,False
414,2020-02-19,,50,8,2,False,2,False
415,2020-02-20,478.0,51,8,3,False,2,False
416,2020-02-21,514.0,52,8,4,False,2,False
417,2020-02-22,472.0,53,8,5,False,2,False
418,2020-02-23,483.0,54,8,6,False,2,False
419,2020-02-24,777.0,55,9,0,False,2,False
420,2020-02-25,,56,9,1,False,2,False
421,2020-02-26,494.0,57,9,2,False,2,False
422,2020-02-27,508.0,58,9,3,False,2,False
423,2020-02-28,,59,9,4,False,2,False
424,2020-02-29,492.0,60,9,5,False,2,False
425,2020-03-01,497.0,61,9,6,True,3,False
426,2020-03-02,748.5,62,10,0,False,3,False
427,2020-03-03,,63,10,1,False,3,False
428,2020-03-04,482.0,64,10,2,False,3,False
429,2020-03-05,518.0,65,10,3,False,3,False
430,2020-03-06,513.0,66,10,4,False,3,False
431,2020-03-07,488.0,67,10,5,False,3,False
432,2020-03-08,,68,10,6,False,3,False
433,2020-03-09,796.5,69,11,0,False,3,False
434,2020-03-10,,70,11,1,False,3,False
435,2020-03-11,529.0,71,11,2,False,3,False
436,2020-03-12,493.0,72,11,3,False,3,False
437,2020-03-13,528.0,73,11,4,False,3,False
438,2020-03-14,495.0,74,11,5,False,3,False
439,2020-03-15,492.0,75,11,6,False,3,False
440,2020-03-16,790.5,76,12,0,False,3,False
441,2020-03-17,,77,12,1,False,3,False
442,2020-03-18,497.0,78,12,2,False,3,False
443,2020-03-19,500.0,79,12,3,False,3,False
444,2020-03-20,538.0,80,12,4,False,3,False
445,2020-03-21,510.0,81,12,5,False,3,False
446,2020-03-22,543.0,82,12,6,False,3,False
447,2020-03-23,781.5,83,13,0,False,3,False
448,2020-03-24,,84,13,1,False,3,False
449,2020-03-25,518.0,85,13,2,False,3,False
450,2020-03-26,,86,13,3,False,3,False
451,2020-03-27,512.0,87,13,4,False,3,False
452,2020-03-28,534.0,88,13,5,False,3,False
453,2020-03-29,533.0,89,13,6,False,3,False
454,2020-03-30,760.5,90,14,0,False,3,False
455,2020-03-31,,91,14,1,False,3,False
456,2020-04-01,780.0,92,14,2,True,4,False
457,2020-04-02,786.0,93,14,3,False,4,False
458,2020-04-03,810.0,94,14,4,False,4,False
459,2020-04-04,,95,14,5,False,4,False
460,2020-04-05,817.5,96,14,6,False,4,False
461,2020-04-06,1179.0,97,15,0,False,4,False
462,2020-04-07,,98,15,1,False,4,False
463,2020-04-08,828.0,99,15,2,False,4,False
464,2020-04-09,783.0,100,15,3,False,4,False
465,2020-04-10,825.0,101,15,4,False,4,False
466,2020-04-11,780.0,102,15,5,False,4,False
467,2020-04-12,849.0,103,15,6,False,4,False
468,2020-04-13,,104,16,0,False,4,False
469,2020-04-14,,105,16,1,False,4,False
470,2020-04-15,813.0,106,16,2,False,4,False
471,2020-04-16,793.5,107,16,3,False,4,False
472,2020-04-17,837.0,108,16,4,False,4,False
473,2020-04-18,805.5,109,16,5,False,4,False
474,2020-04-19,801.0,110,16,6,False,4,False
475,2020-04-20,1253.25,111,17,0,False,4,False
476,2020-04-21,,112,17,1,False,4,False
477,2020-04-22,,113,17,2,False,4,False
478,2020-04-23,795.0,114,17,3,False,4,False
479,2020-04-24,816.0,115,17,4,False,4,False
480,2020-04-25,850.5,116,17,5,False,4,False
481,2020-04-26,852.0,117,17,6,False,4,False
482,2020-04-27,1233.0,118,18,0,False,4,False
483,2020-04-28,,119,18,1,False,4,False
484,2020-04-29,858.0,120,18,2,False,4,False
485,2020-04-30,829.5,121,18,3,False,4,False
486,2020-05-01,,122,18,4,True,5,False
487,2020-05-02,543.0,123,18,5,False,5,False
488,2020-05-03,538.0,124,18,6,False,5,False
489,2020-05-04,811.5,125,19,0,False,5,False
490,2020-05-05,,126,19,1,False,5,False
491,2020-05-06,565.0,127,19,2,False,5,False
492,2020-05-07,575.0,128,19,3,False,5,False
493,2020-05-08,588.0,129,19,4,False,5,False
494,2020-05-09,576.0,130,19,5,False,5,False
495,2020-05-10,,131,19,6,False,5,False
496,2020-05-11,885.0,132,20,0,False,5,False
497,2020-05-12,,133,20,1,False,5,False
498,2020-05-13,582.0,134,20,2,False,5,False
499,2020-05-14,584.0,135,20,3,False,5,False
500,2020-05-15,583.0,136,20,4,False,5,False
501,2020-05-16,570.0,137,20,5,False,5,False
502,2020-05-17,579.0,138,20,6,False,5,False
503,2020-05-18,865.5,139,21,0,False,5,False
504,2020-05-19,,140,21,1,False,5,False
505,2020-05-20,576.0,141,21,2,False,5,False
506,2020-05-21,602.0,142,21,3,False,5,False
507,2020-05-22,588.0,143,21,4,False,5,False
508,2020-05-23,578.0,144,21,5,False,5,False
509,2020-05-24,569.0,145,21,6,False,5,False
510,2020-05-25,1332.0,146,22,0,False,5,True
511,2020-05-26,,147,22,1,False,5,False
512,2020-05-27,566.0,148,22,2,False,5,False
513,2020-05-28,,149,22,3,False,5,False
514,2020-05-29,568.0,150,22,4,False,5,False
515,2020-05-30,588.0,151,22,5,False,5,False
516,2020-05-31,591.0,152,22,6,False,5,False
517,2020-06-01,852.0,153,23,0,True,6,False
518,2020-06-02,,154,23,1,False,6,False
519,2020-06-03,618.0,155,23,2,False,6,False
520,2020-06-04,599.0,156,23,3,False,6,False
521,2020-06-05,612.0,157,23,4,False,6,False
522,2020-06-06,,158,23,5,False,6,False
523,2020-06-07,584.0,159,23,6,False,6,False
524,2020-06-08,910.5,160,24,0,False,6,False
525,2020-06-09,,161,24,1,False,6,False
526,2020-06-10,593.0,162,24,2,False,6,False
527,2020-06-11,621.0,163,24,3,False,6,False
528,2020-06-12,610.0,164,24,4,False,6,False
529,2020-06-13,581.0,165,24,5,False,6,False
530,2020-06-14,591.0,166,24,6,False,6,False
531,2020-06-15,,167,25,0,False,6,False
532,2020-06-16,,168,25,1,False,6,False
533,2020-06-17,629.0,169,25,2,False,6,False
534,2020-06-18,610.0,170,25,3,False,6,False
535,2020-06-19,625.0,171,25,4,False,6,False
536,2020-06-20,618.0,172,25,5,False,6,False
537,2020-06-21,598.0,173,25,6,False,6,False
538,2020-06-22,885.0,174,26,0,False,6,False
539,2020-06-23,,175,26,1,False,6,False
540,2020-06-24,,176,26,2,False,6,False
541,2020-06-25,634.0,177,26,3,False,6,False
542,2020-06-26,610.0,178,26,4,False,6,False
543,2020-06-27,621.0,179,26,5,False,6,False
544,2020-06-28,642.0,180,26,6,False,6,False
545,2020-06-29,910.5,181,27,0,False,6,False
546,2020-06-30,,182,27,1,False,6,False
547,2020-07-01,601.0,183,27,2,True,7,False
548,2020-07-02,600.0,184,27,3,False,7,False
549,2020-07-03,,185,27,4,False,7,True
550,2020-07-04,627.0,186,27,5,False,7,False
551,2020-07-05,624.0,187,27,6,False,7,False
552,2020-07-06,973.5,188,28,0,False,7,False
553,2020-07-07,,189,28,1,False,7,False
554,2020-07-08,643.0,190,28,2,False,7,False
555,2020-07-09,639.0,191,28,3,False,7,False
556,2020-07-10,619.0,192,28,4,False,7,False
557,2020-07-11,650.0,193,28,5,False,7,False
558,2020-07-12,,194,28,6,False,7,False
559,2020-07-13,958.5,195,29,0,False,7,False
560,2020-07-14,,196,29,1,False,7,False
561,2020-07-15,658.0,197,29,2,False,7,False
562,2020-07-16,617.0,198,29,3,False,7,False
563,2020-07-17,617.0,199,29,4,False,7,False
564,2020-07-18,621.0,200,29,5,False,7,False
565,2020-07-19,655.0,201,29,6,False,7,False
566,2020-07-20,972.0,202,30,0,False,7,False
567,2020-07-21,,203,30,1,False,7,False
568,2020-07-22,657.0,204,30,2,False,7,False
569,2020-07-23,628.0,205,30,3,False,7,False
570,2020-07-24,659.0,206,30,4,False,7,False
571,2020-07-25,653.0,207,30,5,False,7,False
572,2020-07-26,633.0,208,30,6,False,7,False
573,2020-07-27,961.5,209,31,0,False,7,False
574,2020-07-28,,210,31,1,False,7,False
575,2020-07-29,633.0,211,31,2,False,7,False
576,2020-07-30,,212,31,3,False,7,False
577,2020-07-31,668.0,213,31,4,False,7,False
578,2020-08-01,630.0,214,31,5,True,8,False
579,2020-08-02,634.0,215,31,6,False,8,False
580,2020-08-03,981.0,216,32,0,False,8,False
581,2020-08-04,,217,32,1,False,8,False
582,2020-08-05,648.0,218,32,2,False,8,False
583,2020-08-06,642.0,219,32,3,False,8,False
584,2020-08-07,667.0,220,32,4,False,8,False
585,2020-08-08,,221,32,5,False,8,False
586,2020-08-09,665.0,222,32,6,False,8,False
587,2020-08-10,1009.5,223,33,0,False,8,False
588,2020-08-11,,224,33,1,False,8,False
589,2020-08-12,683.0,225,33,2,False,8,False
590,2020-08-13,644.0,226,33,3,False,8,False
591,2020-08-14,690.0,227,33,4,False,8,False
592,2020-08-15,672.0,228,33,5,False,8,False
593,2020-08-16,648.0,229,33,6,False,8,False
594,2020-08-17,,230,34,0,False,8,False
595,2020-08-18,,231,34,1,False,8,False
596,2020-08-19,671.0,232,34,2,False,8,False
597,2020-08-20,683.0,233,34,3,False,8,False
598,2020-08-21,658.0,234,34,4,False,8,False
599,2020-08-22,654.0,235,34,5,False,8,False
600,2020-08-23,650.0,236,34,6,False,8,False
601,2020-08-24,1005.0,237,35,0,False,8,False
602,2020-08-25,,238,35,1,False,8,False
603,2020-08-26,,239,35,2,False,8,False
604,2020-08-27,664.0,240,35,3,False,8,False
605,2020-08-28,672.0,241,35,4,False,8,False
606,2020-08-29,698.0,242,35,5,False,8,False
607,2020-08-30,698.0,243,35,6,False,8,False
608,2020-08-31,1027.5,244,36,0,False,8,False
609,2020-09-01,,245,36,1,True,9,False
610,2020-09-02,677.0,246,36,2,False,9,False
611,2020-09-03,669.0,247,36,3,False,9,False
612,2020-09-04,,248,36,4,False,9,False
613,2020-09-05,689.0,249,36,5,False,9,False
614,2020-09-06,698.0,250,36,6,False,9,False
615,2020-09-07,1550.25,251,37,0,False,9,True
616,2020-09-08,,252,37,1,False,9,False
617,2020-09-09,704.0,253,37,2,False,9,False
618,2020-09-10,689.0,254,37,3,False,9,False
619,2020-09-11,673.0,255,37,4,False,9,False
620,2020-09-12,701.0,256,37,5,False,9,False
621,2020-09-13,,257,37,6,False,9,False
622,2020-09-14,1062.0,258,38,0,False,9,False
623,2020-09-15,,259,38,1,False,9,False
624,2020-09-16,697.0,260,38,2,False,9,False
625,2020-09-17,686.0,261,38,3,False,9,False
626,2020-09-18,680.0,262,38,4,False,9,False
627,2020-09-19,698.0,263,38,5,False,9,False
628,2020-09-20,688.0,264,38,6,False,9,False
629,2020-09-21,1053.0,265,39,0,False,9,False
630,2020-09-22,,266,39,1,False,9,False
631,2020-09-23,687.0,267,39,2,False,9,False
632,2020-09-24,697.0,268,39,3,False,9,False
633,2020-09-25,696.0,269,39,4,False,9,False
634,2020-09-26,702.0,270,39,5,False,9,False
635,2020-09-27,726.0,271,39,6,False,9,False
636,2020-09-28,1081.5,272,40,0,False,9,False
637,2020-09-29,,273,40,1,False,9,False
638,2020-09-30,734.0,274,40,2,False,9,False
639,2020-10-01,,275,40,3,True,10,False
640,2020-10-02,737.0,276,40,4,False,10,False
641,2020-10-03,717.0,277,40,5,False,10,False
642,2020-10-04,720.0,278,40,6,False,10,False
643,2020-10-05,1059.0,279,41,0,False,10,False
644,2020-10-06,,280,41,1,False,10,False
645,2020-10-07,701.0,281,41,2,False,10,False
646,2020-10-08,696.0,282,41,3,False,10,False
647,2020-10-09,731.0,283,41,4,False,10,False
648,2020-10-10,,284,41,5,False,10,False
649,2020-10-11,739.0,285,41,6,False,10,False
650,2020-10-12,1631.25,286,42,0,False,10,True
651,2020-10-13,,287,42,1,False,10,False
652,2020-10-14,708.0,288,42,2,False,10,False
653,2020-10-15,721.0,289,42,3,False,10,False
654,2020-10-16,716.0,290,42,4,False,10,False
655,2020-10-17,742.0,291,42,5,False,10,False
656,2020-10-18,716.0,292,42,6,False,10,False
657,2020-10-19,,293,43,0,False,10,False
658,2020-10-20,,294,43,1,False,10,False
659,2020-10-21,726.0,295,43,2,False,10,False
660,2020-10-22,754.0,296,43,3,False,10,False
661,2020-10-23,731.0,297,43,4,False,10,False
662,2020-10-24,739.0,298,43,5,False,10,False
663,2020-10-25,721.0,299,43,6,False,10,False
664,2020-10-26,1075.5,300,44,0,False,10,False
665,2020-10-27,,301,44,1,False,10,False
666,2020-10-28,,302,44,2,False,10,False
667,2020-10-29,754.0,303,44,3,False,10,False
668,2020-10-30,759.0,304,44,4,False,10,False
669,2020-10-31,731.0,305,44,5,False,10,False
670,2020-11-01,768.0,306,44,6,True,11,False
671,2020-11-02,1156.5,307,45,0,False,11,False
672,2020-11-03,,308,45,1,False,11,False
673,2020-11-04,770.0,309,45,2,False,11,False
674,2020-11-05,749.0,310,45,3,False,11,False
675,2020-11-06,,311,45,4,False,11,False
676,2020-11-07,737.0,312,45,5,False,11,False
677,2020-11-08,740.0,313,45,6,False,11,False
678,2020-11-09,1141.5,314,46,0,False,11,False
679,2020-11-10,,315,46,1,False,11,False
680,2020-11-11,1170.0,316,46,2,False,11,True
681,2020-11-12,766.0,317,46,3,False,11,False
682,2020-11-13,757.0,318,46,4,False,11,False
683,2020-11-14,755.0,319,46,5,False,11,False
684,2020-11-15,,320,46,6,False,11,False
685,2020-11-16,1129.5,321,47,0,False,11,False
686,2020-11-17,,322,47,1,False,11,False
687,2020-11-18,779.0,323,47,2,False,11,False
688,2020-11-19,753.0,324,47,3,False,11,False
689,2020-11-20,751.0,325,47,4,False,11,False
690,2020-11-21,781.0,326,47,5,False,11,False
691,2020-11-22,788.0,327,47,6,False,11,False
692,2020-11-23,1158.0,328,48,0,False,11,False
693,2020-11-24,,329,48,1,False,11,False
694,2020-11-25,779.0,330,48,2,False,11,False
695,2020-11-26,1146.0,331,48,3,False,11,True
696,2020-11-27,774.0,332,48,4,False,11,False
697,2020-11-28,757.0,333,48,5,False,11,False
698,2020-11-29,787.0,334,48,6,False,11,False
699,2020-11-30,1180.5,335,49,0,False,11,False
700,2020-12-01,,336,49,1,True,12,False
701,2020-12-02,779.0,337,49,2,False,12,False
702,2020-12-03,,338,49,3,False,12,False
703,2020-12-04,799.0,339,49,4,False,12,False
704,2020-12-05,773.0,340,49,5,False,12,False
705,2020-12-06,760.0,341,49,6,False,12,False
706,2020-12-07,1135.5,342,50,0,False,12,False
707,2020-12-08,,343,50,1,False,12,False
708,2020-12-09,796.0,344,50,2,False,12,False
709,2020-12-10,764.0,345,50,3,False,12,False
710,2020-12-11,763.0,346,50,4,False,12,False
711,2020-12-12,,347,50,5,False,12,False
712,2020-12-13,769.0,348,50,6,False,12,False
713,2020-12-14,1201.5,349,51,0,False,12,False
714,2020-12-15,,350,51,1,False,12,False
715,2020-12-16,768.0,351,51,2,False,12,False
716,2020-12-17,802.0,352,51,3,False,12,False
717,2020-12-18,817.0,353,51,4,False,12,False
718,2020-12-19,814.0,354,51,5,False,12,False
719,2020-12-20,808.0,355,51,6,False,12,False
720,2020-12-21,,356,52,0,False,12,False
721,2020-12-22,,357,52,1,False,12,False
722,2020-12-23,799.0,358,52,2,False,12,False
723,2020-12-24,802.0,359,52,3,False,12,False
724,2020-12-25,1185.0,360,52,4,False,12,True
725,2020-12-26,775.0,361,52,5,False,12,False
726,2020-12-27,803.0,362,52,6,False,12,False
727,2020-12-28,1180.5,363,53,0,False,12,False
728,2020-12-29,,364,53,1,False,12,False
729,2020-12-30,,365,53,2,False,12,False
730,2020-12-31,795.0,366,53,3,False,12,False
731,2021-01-01,1198.5,1,53,4,True,1,True
732,2021-01-02,790.0,2,53,5,False,1,False
733,2021-01-03,803.0,3,53,6,False,1,False
734,2021-01-04,1209.0,4,1,0,False,1,False
735,2021-01-05,,5,1,1,False,1,False
736,2021-01-06,825.0,6,1,2,False,1,False
737,2021-01-07,803.0,7,1,3,False,1,False
738,2021-01-08,,8,1,4,False,1,False
739,2021-01-09,829.0,9,1,5,False,1,False
740,2021-01-10,794.0,10,1,6,False,1,False
741,2021-01-11,1215.0,11,2,0,False,1,False
742,2021-01-12,,12,2,1,False,1,False
743,2021-01-13,821.0,13,2,2,False,1,False
744,2021-01-14,811.0,14,2,3,False,1,False
745,2021-01-15,815.0,15,2,4,False,1,False
746,2021-01-16,796.0,16,2,5,False,1,False
747,2021-01-17,,17,2,6,False,1,False
748,2021-01-18,1869.75,18,3,0,False,1,True
749,2021-01-19,,19,3,1,False,1,False
750,2021-01-20,829.0,20,3,2,False,1,False
751,2021-01-21,824.0,21,3,3,False,1,False
752,2021-01-22,831.0,22,3,4,False,1,False
753,2021-01-23,839.0,23,3,5,False,1,False
754,2021-01-24,839.0,24,3,6,False,1,False
755,2021-01-25,1264.5,25,4,0,False,1,False
756,2021-01-26,,26,4,1,False,1,False
757,2021-01-27,809.0,27,4,2,False,1,False
758,2021-01-28,848.0,28,4,3,False,1,False
759,2021-01-29,816.0,29,4,4,False,1,False
760,2021-01-30,831.0,30,4,5,False,1,False
761,2021-01-31,846.0,31,4,6,False,1,False
762,2021-02-01,1219.5,32,5,0,True,2,False
763,2021-02-02,,33,5,1,False,2,False
764,2021-02-03,851.0,34,5,2,False,2,False
765,2021-02-04,,35,5,3,False,2,False
766,2021-02-05,849.0,36,5,4,False,2,False
767,2021-02-06,867.0,37,5,5,False,2,False
768,2021-02-07,828.0,38,5,6,False,2,False
769,2021-02-08,1284.0,39,6,0,False,2,False
770,2021-02-09,,40,6,1,False,2,False
771,2021-02-10,863.0,41,6,2,False,2,False
772,2021-02-11,864.0,42,6,3,False,2,False
773,2021-02-12,839.0,43,6,4,False,2,False
774,2021-02-13,,44,6,5,False,2,False
775,2021-02-14,858.0,45,6,6,False,2,False
776,2021-02-15,1894.5,46,7,0,False,2,True
777,2021-02-16,,47,7,1,False,2,False
778,2021-02-17,856.0,48,7,2,False,2,False
779,2021-02-18,864.0,49,7,3,False,2,False
780,2021-02-19,832.0,50,7,4,False,2,False
781,2021-02-20,863.0,51,7,5,False,2,False
782,2021-02-21,874.0,52,7,6,False,2,False
783,2021-02-22,,53,8,0,False,2,False
784,2021-02-23,,54,8,1,False,2,False
785,2021-02-24,836.0,55,8,2,False,2,False
786,2021-02-25,859.0,56,8,3,False,2,False
787,2021-02-26,879.0,57,8,4,False,2,False
788,2021-02-27,870.0,58,8,5,False,2,False
789,2021-02-28,841.0,59,8,6,False,2,False
790,2021-03-01,1267.5,60,9,0,True,3,False
791,2021-03-02,,61,9,1,False,3,False
792,2021-03-03,,62,9,2,False,3,False
793,2021-03-04,885.0,63,9,3,False,3,False
794,2021-03-05,890.0,64,9,4,False,3,False
795,2021-03-06,851.0,65,9,5,False,3,False
796,2021-03-07,888.0,66,9,6,False,3,False
797,2021-03-08,1311.0,67,10,0,False,3,False
798,2021-03-09,,68,10,1,False,3,False
799,2021-03-10,893.0,69,10,2,False,3,False
800,2021-03-11,858.0,70,10,3,False,3,False
801,2021-03-12,,71,10,4,False,3,False
802,2021-03-13,863.0,72,10,5,False,3,False
803,2021-03-14,893.0,73,10,6,False,3,False
804,2021-03-15,1342.5,74,11,0,False,3,False
805,2021-03-16,,75,11,1,False,3,False
806,2021-03-17,896.0,76,11,2,False,3,False
807,2021-03-18,896.0,77,11,3,False,3,False
808,2021-03-19,863.0,78,11,4,False,3,False
809,2021-03-20,880.0,79,11,5,False,3,False
810,2021-03-21,,80,11,6,False,3,False
811,2021-03-22,1300.5,81,12,0,False,3,False
812,2021-03-23,,82,12,1,False,3,False
813,2021-03-24,872.0,83,12,2,False,3,False
814,2021-03-25,880.0,84,12,3,False,3,False
815,2021-03-26,869.0,85,12,4,False,3,False
816,2021-03-27,879.0,86,12,5,False,3,False
817,2021-03-28,916.0,87,12,6,False,3,False
818,2021-03-29,1357.5,88,13,0,False,3,False
819,2021-03-30,,89,13,1,False,3,False
820,2021-03-31,914.0,90,13,2,False,3,False
821,2021-04-01,1320.0,91,13,3,True,4,False
822,2021-04-02,1372.5,92,13,4,False,4,False
823,2021-04-03,1363.5,93,13,5,False,4,False
824,2021-04-04,1353.0,94,13,6,False,4,False
825,2021-04-05,1991.25,95,14,0,False,4,False
826,2021-04-06,,96,14,1,False,4,False
827,2021-04-07,1356.0,97,14,2,False,4,False
828,2021-04-08,,98,14,3,False,4,False
829,2021-04-09,1354.5,99,14,4,False,4,False
830,2021-04-10,1395.0,100,14,5,False,4,False
831,2021-04-11,1365.0,101,14,6,False,4,False
832,2021-04-12,1998.0,102,15,0,False,4,False
833,2021-04-13,,103,15,1,False,4,False
834,2021-04-14,1365.0,104,15,2,False,4,False
835,2021-04-15,1369.5,105,15,3,False,4,False
836,2021-04-16,1371.0,106,15,4,False,4,False
837,2021-04-17,,107,15,5,False,4,False
838,2021-04-18,1371.0,108,15,6,False,4,False
839,2021-04-19,2052.0,109,16,0,False,4,False
840,2021-04-20,,110,16,1,False,4,False
841,2021-04-21,1363.5,111,16,2,False,4,False
842,2021-04-22,1378.5,112,16,3,False,4,False
843,2021-04-23,1381.5,113,16,4,False,4,False
844,2021-04-24,1372.5,114,16,5,False,4,False
845,2021-04-25,1401.0,115,16,6,False,4,False
846,2021-04-26,,116,17,0,False,4,False
847,2021-04-27,,117,17,1,False,4,False
848,2021-04-28,1377.0,118,17,2,False,4,False
849,2021-04-29,1390.5,119,17,3,False,4,False
850,2021-04-30,1392.0,120,17,4,False,4,False
851,2021-05-01,927.0,121,17,5,True,5,False
852,2021-05-02,913.0,122,17,6,False,5,False
853,2021-05-03,1422.0,123,18,0,False,5,False
854,2021-05-04,,124,18,1,False,5,False
855,2021-05-05,,125,18,2,False,5,False
856,2021-05-06,906.0,126,18,3,False,5,False
857,2021-05-07,919.0,127,18,4,False,5,False
858,2021-05-08,915.0,128,18,5,False,5,False
859,2021-05-09,955.0,129,18,6,False,5,False
860,2021-05-10,1393.5,130,19,0,False,5,False
861,2021-05-11,,131,19,1,False,5,False
862,2021-05-12,928.0,132,19,2,False,5,False
863,2021-05-13,932.0,133,19,3,False,5,False
864,2021-05-14,,134,19,4,False,5,False
865,2021-05-15,956.0,135,19,5,False,5,False
866,2021-05-16,950.0,136,19,6,False,5,False
867,2021-05-17,1384.5,137,20,0,False,5,False
868,2021-05-18,,138,20,1,False,5,False
869,2021-05-19,954.0,139,20,2,False,5,False
870,2021-05-20,927.0,140,20,3,False,5,False
871,2021-05-21,944.0,141,20,4,False,5,False
872,2021-05-22,968.0,142,20,5,False,5,False
873,2021-05-23,,143,20,6,False,5,False
874,2021-05-24,1440.0,144,21,0,False,5,False
875,2021-05-25,,145,21,1,False,5,False
876,2021-05-26,965.0,146,21,2,False,5,False
877,2021-05-27,933.0,147,21,3,False,5,False
878,2021-05-28,930.0,148,21,4,False,5,False
879,2021-05-29,957.0,149,21,5,False,5,False
880,2021-05-30,954.0,150,21,6,False,5,False
881,2021-05-31,2108.25,151,22,0,False,5,True
882,2021-06-01,,152,22,1,True,6,False
883,2021-06-02,956.0,153,22,2,False,6,False
884,2021-06-03,965.0,154,22,3,False,6,False
885,2021-06-04,937.0,155,22,4,False,6,False
886,2021-06-05,977.0,156,22,5,False,6,False
887,2021-06-06,960.0,157,22,6,False,6,False
888,2021-06-07,1422.0,158,23,0,False,6,False
889,2021-06-08,,159,23,1,False,6,False
890,2021-06-09,944.0,160,23,2,False,6,False
891,2021-06-10,,161,23,3,False,6,False
892,2021-06-11,963.0,162,23,4,False,6,False
893,2021-06-12,970.0,163,23,5,False,6,False
894,2021-06-13,989.0,164,23,6,False,6,False
895,2021-06-14,1467.0,165,24,0,False,6,False
896,2021-06-15,,166,24,1,False,6,False
897,2021-06-16,995.0,167,24,2,False,6,False
898,2021-06-17,967.0,168,24,3,False,6,False
899,2021-06-18,992.0,169,24,4,False,6,False
900,2021-06-19,,170,24,5,False,6,False
901,2021-06-20,969.0,171,24,6,False,6,False
902,2021-06-21,1474.5,172,25,0,False,6,False
903,2021-06-22,,173,25,1,False,6,False
904,2021-06-23,979.0,174,25,2,False,6,False
905,2021-06-24,1000.0,175,25,3,False,6,False
906,2021-06-25,993.0,176,25,4,False,6,False
907,2021-06-26,996.0,177,25,5,False,6,False
908,2021-06-27,977.0,178,25,6,False,6,False
909,2021-06-28,,179,26,0,False,6,False
910,2021-06-29,,180,26,1,False,6,False
911,2021-06-30,1002.0,181,26,2,False,6,False
912,2021-07-01,1008.0,182,26,3,True,7,False
913,2021-07-02,1002.0,183,26,4,False,7,False
914,2021-07-03,1000.0,184,26,5,False,7,False
915,2021-07-04,990.0,185,26,6,False,7,False
916,2021-07-05,2173.5,186,27,0,False,7,True
917,2021-07-06,,187,27,1,False,7,False
918,2021-07-07,,188,27,2,False,7,False
919,2021-07-08,980.0,189,27,3,False,7,False
920,2021-07-09,1020.0,190,27,4,False,7,False
921,2021-07-10,985.0,191,27,5,False,7,False
922,2021-07-11,984.0,192,27,6,False,7,False
923,2021-07-12,1464.0,193,28,0,False,7,False
924,2021-07-13,,194,28,1,False,7,False
925,2021-07-14,1011.0,195,28,2,False,7,False
926,2021-07-15,997.0,196,28,3,False,7,False
927,2021-07-16,,197,28,4,False,7,False
928,2021-07-17,985.0,198,28,5,False,7,False
929,2021-07-18,1027.0,199,28,6,False,7,False
930,2021-07-19,1528.5,200,29,0,False,7,False
931,2021-07-20,,201,29,1,False,7,False
932,2021-07-21,1003.0,202,29,2,False,7,False
933,2021-07-22,1018.0,203,29,3,False,7,False
934,2021-07-23,1006.0,204,29,4,False,7,False
935,2021-07-24,987.0,205,29,5,False,7,False
936,2021-07-25,,206,29,6,False,7,False
937,2021-07-26,1519.5,207,30,0,False,7,False
938,2021-07-27,,208,30,1,False,7,False
939,2021-07-28,1022.0,209,30,2,False,7,False
940,2021-07-29,1032.0,210,30,3,False,7,False
941,2021-07-30,1029.0,211,30,4,False,7,False
942,2021-07-31,1042.0,212,30,5,False,7,False
943,2021-08-01,1001.0,213,30,6,True,8,False
944,2021-08-02,1537.5,214,31,0,False,8,False
945,2021-08-03,,215,31,1,False,8,False
946,2021-08-04,1018.0,216,31,2,False,8,False
947,2021-08-05,1001.0,217,31,3,False,8,False
948,2021-08-06,1010.0,218,31,4,False,8,False
949,2021-08-07,1034.0,219,31,5,False,8,False
950,2021-08-08,1043.0,220,31,6,False,8,False
951,2021-08-09,1536.0,221,32,0,False,8,False
952,2021-08-10,,222,32,1,False,8,False
953,2021-08-11,1016.0,223,32,2,False,8,False
954,2021-08-12,,224,32,3,False,8,False
955,2021-08-13,1025.0,225,32,4,False,8,False
956,2021-08-14,1038.0,226,32,5,False,8,False
957,2021-08-15,1032.0,227,32,6,False,8,False
958,2021-08-16,1576.5,228,33,0,False,8,False
959,2021-08-17,,229,33,1,False,8,False
960,2021-08-18,1021.0,230,33,2,False,8,False
961,2021-08-19,1052.0,231,33,3,False,8,False
962,2021-08-20,1030.0,232,33,4,False,8,False
963,2021-08-21,,233,33,5,False,8,False
964,2021-08-22,1055.0,234,33,6,False,8,False
965,2021-08-23,1566.0,235,34,0,False,8,False
966,2021-08-24,,236,34,1,False,8,False
967,2021-08-25,1030.0,237,34,2,False,8,False
968,2021-08-26,1038.0,238,34,3,False,8,False
969,2021-08-27,1027.0,239,34,4,False,8,False
970,2021-08-28,1021.0,240,34,5,False,8,False
971,2021-08-29,1069.0,241,34,6,False,8,False
972,2021-08-30,,242,35,0,False,8,False
973,2021-08-31,,243,35,1,False,8,False
974,2021-09-01,1029.0,244,35,2,True,9,False
975,2021-09-02,1052.0,245,35,3,False,9,False
976,2021-09-03,1030.0,246,35,4,False,9,False
977,2021-09-04,1056.0,247,35,5,False,9,False
978,2021-09-05,1072.0,248,35,6,False,9,False
979,2021-09-06,2324.25,249,36,0,False,9,True
980,2021-09-07,,250,36,1,False,9,False
981,2021-09-08,,251,36,2,False,9,False
982,2021-09-09,1058.0,252,36,3,False,9,False
983,2021-09-10,1071.0,253,36,4,False,9,False
984,2021-09-11,1057.0,254,36,5,False,9,False
985,2021-09-12,1057.0,255,36,6,False,9,False
986,2021-09-13,1600.5,256,37,0,False,9,False
987,2021-09-14,,257,37,1,False,9,False
988,2021-09-15,1038.0,258,37,2,False,9,False
989,2021-09-16,1085.0,259,37,3,False,9,False
990,2021-09-17,,260,37,4,False,9,False
991,2021-09-18,1064.0,261,37,5,False,9,False
992,2021-09-19,1064.0,262,37,6,False,9,False
993,2021-09-20,1591.5,263,38,0,False,9,False
994,2021-09-21,,264,38,1,False,9,False
995,2021-09-22,1058.0,265,38,2,False,9,False
996,2021-09-23,1075.0,266,38,3,False,9,False
997,2021-09-24,1095.0,267,38,4,False,9,False
998,2021-09-25,1085.0,268,38,5,False,9,False
999,2021-09-26,,269,38,6,False,9,False
1000,2021-09-27,1650.0,270,39,0,False,9,False
1001,2021-09-28,,271,39,1,False,9,False
1002,2021-09-29,1066.0,272,39,2,False,9,False
1003,2021-09-30,1087.0,273,39,3,False,9,False
1004,2021-10-01,1082.0,274,39,4,True,10,False
1005,2021-10-02,1062.0,275,39,5,False,10,False
1006,2021-10-03,1061.0,276,39,6,False,10,False
1007,2021-10-04,1647.0,277,40,0,False,10,False
1008,2021-10-05,,278,40,1,False,10,False
1009,2021-10-06,1073.0,279,40,2,False,10,False
1010,2021-10-07,1084.0,280,40,3,False,10,False
1011,2021-10-08,1062.0,281,40,4,False,10,False
1012,2021-10-09,1068.0,282,40,5,False,10,False
1013,2021-10-10,1095.0,283,40,6,False,10,False
1014,2021-10-11,2490.75,284,41,0,False,10,True
1015,2021-10-12,,285,41,1,False,10,False
1016,2021-10-13,1107.0,286,41,2,False,10,False
1017,2021-10-14,,287,41,3,False,10,False
1018,2021-10-15,1083.0,288,41,4,False,10,False
1019,2021-10-16,1072.0,289,41,5,False,10,False
1020,2021-10-17,1110.0,290,41,6,False,10,False
1021,2021-10-18,1644.0,291,42,0,False,10,False
1022,2021-10-19,,292,42,1,False,10,False
1023,2021-10-20,1082.0,293,42,2,False,10,False
1024,2021-10-21,1091.0,294,42,3,False,10,False
1025,2021-10-22,1107.0,295,42,4,False,10,False
1026,2021-10-23,,296,42,5,False,10,False
1027,2021-10-24,1108.0,297,42,6,False,10,False
1028,2021-10-25,1684.5,298,43,0,False,10,False
1029,2021-10-26,,299,43,1,False,10,False
1030,2021-10-27,1104.0,300,43,2,False,10,False
1031,2021-10-28,1104.0,301,43,3,False,10,False
1032,2021-10-29,1091.0,302,43,4,False,10,False
1033,2021-10-30,1100.0,303,43,5,False,10,False
1034,2021-10-31,1110.0,304,43,6,False,10,False
1035,2021-11-01,,305,44,0,True,11,False
1036,2021-11-02,,306,44,1,False,11,False
1037,2021-11-03,1118.0,307,44,2,False,11,False
1038,2021-11-04,1135.0,308,44,3,False,11,False
1039,2021-11-05,1112.0,309,44,4,False,11,False
1040,2021-11-06,1101.0,310,44,5,False,11,False
1041,2021-11-07,1093.0,311,44,6,False,11,False
1042,2021-11-08,1639.5,312,45,0,False,11,False
1043,2021-11-09,,313,45,1,False,11,False
1044,2021-11-10,,314,45,2,False,11,False
1045,2021-11-11,1680.0,315,45,3,False,11,True
1046,2021-11-12,1143.0,316,45,4,False,11,False
1047,2021-11-13,1108.0,317,45,5,False,11,False
1048,2021-11-14,1111.0,318,45,6,False,11,False
1049,2021-11-15,1677.0,319,46,0,False,11,False
1050,2021-11-16,,320,46,1,False,11,False
1051,2021-11-17,1141.0,321,46,2,False,11,False
1052,2021-11-18,1150.0,322,46,3,False,11,False
1053,2021-11-19,,323,46,4,False,11,False
1054,2021-11-20,1135.0,324,46,5,False,11,False
1055,2021-11-21,1141.0,325,46,6,False,11,False
1056,2021-11-22,1725.0,326,47,0,False,11,False
1057,2021-11-23,,327,47,1,False,11,False
1058,2021-11-24,1127.0,328,47,2,False,11,False
1059,2021-11-25,1725.0,329,47,3,False,11,True
1060,2021-11-26,1150.0,330,47,4,False,11,False
1061,2021-11-27,1141.0,331,47,5,False,11,False
1062,2021-11-28,,332,47,6,False,11,False
1063,2021-11-29,1738.5,333,48,0,False,11,False
1064,2021-11-30,,334,48,1,False,11,False
1065,2021-12-01,1156.0,335,48,2,True,12,False
